{
   "items":[{
	"enemyId": 0,
	"location":
	{
		"x": 784.854248046875,
		"y": 2047.256103515625,
		"z": 92.012603759765625
	},
	"isDead": false,
	"respawnAt": 0,
	"respawnTime": 10,
	"id": 3
}   ]
}